code,journal
F034,ACTA BIOCHIMICA ET BIOPHYSICA SINICA
C096,ACTA MATHEMATICA SCIENTIA
B030,ACTA MATHEMATICA SINICA ENGLISH SERIES
I051,ACTA MATHEMATICAE APPLICATAE SINICA
C105,ACTA MECHANICA SINICA
M100,ACTA METALLURGICA SINICA
I209,ACTA OCEANOLOGICA SINICA
G218,ACTA PHARMACEUTICA SINICA B
G001,ACTA PHARMACOLOGICA SINICA
I062,ADVANCES IN ATMOSPHERIC SCIENCES
I124,ADVANCES IN POLAR SCIENCE
I282,ASIAN JOURNAL OF ANDROLOGY
G780,CANCER BIOLOGY & MEDICINE
I072,CELL RESEARCH
I139,CHEMICAL RESEARCH IN CHINESE UNIVERSITIES
I710,CHINA COMMUNICATIONS
I165,CHINA FOUNDRY
E158,CHINA OCEAN ENGINEERING
B023,CHINESE ANNALS OF MATHEMATICS SERIES B
D031,CHINESE CHEMICAL LETTERS
I154,CHINESE GEOGRAPHICAL SCIENCE
I207,CHINESE HERBAL MEDICINES
I166,CHINESE JOURNAL OF ACOUSTICS
I122,CHINESE JOURNAL OF AERONAUTICS
G011,CHINESE JOURNAL OF CANCER
I037,CHINESE JOURNAL OF CANCER RESEARCH
T100,CHINESE JOURNAL OF CHEMICAL ENGINEERING
C070,CHINESE JOURNAL OF CHEMICAL PHYSICS
I116,CHINESE JOURNAL OF ELECTRONICS
E012,CHINESE JOURNAL OF OCEANOLOGY AND LIMNOLOGY
D017,CHINESE JOURNAL OF POLYMER SCIENCE
I200,CHINESE JOURNAL OF TRAUMATOLOGY
I201,CHINESE MEDICAL JOURNAL
G126,CHINESE MEDICAL SCIENCES JOURNAL
I071,CHINESE OPTICS LETTERS
C106,CHINESE PHYSICS B
C058,CHINESE PHYSICS C
C059,CHINESE PHYSICS LETTERS
B022,CHINESE QUARTERLY JOURNAL OF MATHEMATICS
C095,COMMUNICATIONS IN THEORETICAL PHYSICS
I720,CSEE JOURNAL OF POWER AND ENERGY SYSTEMS
F005,ENTOMOTAXONOMIA
I733,FRONTIERS OF BIOLOGY
I248,FRONTIERS OF CHEMICAL SCIENCE AND ENGINEERING
I735,FRONTIERS OF COMPUTER SCIENCE
I243,FRONTIERS OF MATERIALS SCIENCE
I250,FRONTIERS OF MATHEMATICS IN CHINA
I237,FRONTIERS OF MEDICINE
I132,FRONTIERS OF OPTOELECTRONICS IN CHINA
I726,FRONTIERS OF PHYSICS
I725,FRONTIERS OF STRUCTURAL AND CIVIL ENGINEERING
I222,GENOMICS PROTEOMICS & BIOINFORMATICS
E050,GEOSCIENCE FRONTIERS
I012,INSECT SCIENCE
I168,INTERNATIONAL JOURNAL OF COAL SCIENCE & TECHNOLOGY
I184,INTERNATIONAL JOURNAL OF MINING SCIENCE AND TECHNOLOGY
E049,JOURNAL OF ARID LAND
N764,JOURNAL OF BIONIC ENGINEERING
I226,JOURNAL OF CHINA ORDNANCE
I227,JOURNAL OF CHINESE PHARMACEUTICAL SCIENCES
S051,JOURNAL OF COMPUTER SCIENCE AND TECHNOLOGY
E537,JOURNAL OF EARTH SCIENCE
I105,JOURNAL OF ENERGY CHEMISTRY
Z027,JOURNAL OF ENVIRONMENTAL SCIENCES
I018,JOURNAL OF FORESTRY RESEARCH
F013,JOURNAL OF GENETICS AND GENOMICS
I063,JOURNAL OF GEOGRAPHICAL SCIENCES
W015,JOURNAL OF HYDRODYNAMICS SERIES B
H017,JOURNAL OF INTEGRATIVE AGRICULTURE
G442,JOURNAL OF INTEGRATIVE MEDICINE
F029,JOURNAL OF INTEGRATIVE PLANT BIOLOGY
I142,"JOURNAL OF IRON AND STEEL RESEARCH, INTERNATIONAL"
I229,JOURNAL OF MARINE SCIENCE AND APPLICATION
M015,JOURNAL OF MATERIALS SCIENCE & TECHNOLOGY
F021,JOURNAL OF MOLECULAR CELL BIOLOGY
I230,JOURNAL OF MOUNTAIN SCIENCE
I120,JOURNAL OF OCEAN UNIVERSITY OF CHINA
M035,JOURNAL OF RARE EARTHS
F208,JOURNAL OF RESOURCES AND ECOLOGY
C010,JOURNAL OF ROCK MECHANICS AND GEOTECHNICAL ENGINEERING (JRMGE)
R062,JOURNAL OF SEMICONDUCTORS
F039,JOURNAL OF SYSTEMATICS AND EVOLUTION
X053,JOURNAL OF TRAFFIC AND TRANSPORTATION ENGINEERING ENGLISH EDITION
I090,JOURNAL OF WUHAN UNIVERSITY OF TECHNOLOGY MATERIALS SCIENCE EDITION
I041,JOURNAL OF ZHEJIANG UNIVERSITY SCIENCE A
I159,JOURNAL OF ZHEJIANG UNIVERSITY SCIENCE B
I254,LIGHT SCIENCE & APPLICATIONS
F019,MOLECULAR PLANT
I137,NANO RESEARCH
I255,NATIONAL SCIENCE REVIEW
I232,NEURAL REGENERATION RESEARCH
G278,NEUROSCIENCE BULLETIN
G616,ONCOLOGY AND TRANSLATIONAL MEDICINE
I202,PARTICUOLOGY
H046,PEDOSPHERE
F007,PLANT DIVERSITY
I129,PROTEIN & CELL
I050,RARE METALS
C072,RESEARCH IN ASTRONOMY AND ASTROPHYSICS
I065,RICE SCIENCE
H064,THE CROP JOURNAL
I017,TRANSACTIONS OF NANJING UNIVERSITY OF AERONAUTICS & ASTRONAUTICS
M104,TRANSACTIONS OF NONFERROUS METALS SOCIETY OF CHINA
G095,VIROLOGICA SINICA
W030,WATER SCIENCE AND ENGINEERING
I008,WUHAN UNIVERSITY JOURNAL OF NATURAL SCIENCES
E626,CT理论与应用研究
G549,癌变·畸变·突变
G481,癌症进展
A003,安徽大学学报自然科学版
M031,安徽工业大学学报自然科学版
H002,安徽农业大学学报
A009,安徽师范大学学报自然科学版
G012,安徽医科大学学报
G786,安徽医学
Q906,安徽医药
G013,安徽中医药大学学报
Z549,安全与环境学报
H340,桉树科技
R024,半导体光电
R063,半导体技术
G741,蚌埠医学院学报
U521,包装与食品机械
U645,保鲜与加工
E045,暴雨灾害
N017,爆破
N012,爆破器材
N006,爆炸与冲击
A652,北华大学学报自然科学版
G002,北京大学学报医学版
A005,北京大学学报自然科学版
J030,北京工业大学学报
Y001,北京航空航天大学学报
T020,北京化工大学学报自然科学版
X014,北京交通大学学报
G500,北京口腔医学
N001,北京理工大学学报
H025,北京林业大学学报
H263,北京农学院学报
G004,北京生物医学工程
A010,北京师范大学学报自然科学版
L530,北京石油化工学院学报
G016,北京医学
R018,北京邮电大学学报
G620,北京中医药
G017,北京中医药大学学报
N101,变压器
G410,标记免疫分析与临床
T098,表面技术
E135,冰川冻土
N008,兵工学报
R730,兵工自动化
N085,兵器材料科学与工程
T094,兵器装备工程学报
G018,病毒学报
C060,波谱学杂志
A808,渤海大学学报自然科学版
M005,材料保护
M103,材料导报
Y007,材料工程
M010,材料开发与应用
M008,材料科学与工程学报
M006,材料科学与工艺
N026,材料热处理学报
M009,材料研究学报
M704,材料与冶金学报
K512,采矿与安全工程学报
H009,蚕业科学
H525,草地学报
H234,草业科学
H527,草业学报
H538,草原与草坪
E616,测绘地理信息
E543,测绘工程
E600,测绘科学
E615,测绘科学技术学报
E510,测绘通报
E152,测绘学报
L017,测井技术
Y022,测控技术
R711,测试技术学报
H001,茶叶科学
X036,长安大学学报自然科学版
N056,长春理工大学学报自然科学版
G992,长春中医药大学学报
W010,长江科学院院报
Z029,长江流域资源与环境
J066,长沙理工大学学报自然科学版
G264,肠外与肠内营养
N024,车用发动机
E113,沉积学报
E102,成都理工大学学报自然科学版
G670,成都医学院学报
G019,成都中医药大学学报
V050,城市规划
V028,城市规划学刊
X043,城市轨道交通研究
X046,城市交通
J021,重庆大学学报自然科学版
X029,重庆交通大学学报自然科学版
N757,重庆理工大学学报自然科学版
A512,重庆师范大学学报自然科学版
G186,重庆医科大学学报
R559,重庆邮电大学学报自然科学版
L508,储能科学与技术
G432,川北医学院学报
N060,传感技术学报
R532,传感器与微系统
G458,传染病信息
X010,船舶工程
X633,船舶力学
X635,船海工程
G322,创伤外科杂志
G085,创伤与急危重病医学
G552,磁共振成像
D013,催化学报
E144,大地测量与地球动力学
E146,大地构造与成矿学
R051,大电机技术
H038,大豆科学
U512,大连工业大学学报
X024,大连海事大学学报
H005,大连海洋大学学报
X001,大连交通大学学报
J024,大连理工大学学报
G020,大连医科大学学报
E109,大气科学
E091,大气科学学报
S086,单片机与嵌入式系统应用
H040,淡水渔业
N004,弹道学报
T941,当代化工
Y503,导弹与航天运载技术
Y585,导航与控制
N019,低温工程
C055,低温物理学报
E133,地层学杂志
E130,地理科学
E584,地理科学进展
E639,地理空间信息
E315,地理信息世界
E305,地理学报
E310,地理研究
E527,地理与地理信息科学
E024,地球化学
E570,地球环境学报
E142,地球科学
E115,地球科学进展
E004,地球科学与环境学报
E153,地球物理学报
E308,地球物理学进展
E656,地球信息科学学报
E300,地球学报
E549,地球与环境
V031,地下空间与工程学报
E357,地学前缘
S741,地域研究与开发
E306,地震
E150,地震地质
E307,地震工程学报
E118,地震工程与工程振动
E143,地震学报
E112,地震研究
E362,地质科技情报
E139,地质科学
E026,地质力学学报
E009,地质论评
E127,地质通报
E010,地质学报
E151,地质与勘探
E525,地质与资源
E132,地质找矿论丛
G005,第二军医大学学报
G021,第三军医大学学报
E301,第四纪研究
R007,电波科学学报
R003,电池
Z015,电镀与环保
T508,电镀与精饰
T598,电镀与涂饰
R010,电工电能新技术
R043,电工技术学报
R740,电光与控制
N067,电焊机
D036,电化学
R088,电机与控制学报
R045,电机与控制应用
N027,电加工与模具
R011,电力电子技术
A199,电力建设
R654,电力科学与技术学报
N102,电力系统保护与控制
R071,电力系统及其自动化学报
S019,电力系统自动化
R750,电力需求侧管理
R090,电力自动化设备
R044,电气传动
R058,电气自动化
R039,电网技术
R116,电网与清洁能源
R684,电信科学
R754,电讯技术
R019,电源技术
R055,电子测量技术
R021,电子测量与仪器学报
R067,电子技术应用
R036,电子科技大学学报
R512,电子器件
R724,电子设计工程
R001,电子显微学报
R006,电子学报
R022,电子与信息学报
R020,电子元件与材料
J023,东北大学学报自然科学版
H262,东北林业大学学报
H006,东北农业大学学报
A030,东北师大学报自然科学版
L004,东北石油大学学报
U014,东华大学学报自然科学版
G057,东南大学学报医学版
J028,东南大学学报自然科学版
G944,东南国防医药
P003,动力工程学报
P018,动力学与控制学报
F014,动物分类学报
F022,动物学研究
F043,动物学杂志
G775,动物医学进展
F231,动物营养学报
X034,都市快轨交通
G542,毒理学杂志
T241,断块油气田
N070,锻压技术
G920,儿科药学杂志
C071,发光学报
G874,法医学杂志
U013,纺织高校基础科学学报
U053,纺织学报
G608,放射学实践
Y571,飞航导弹
Y006,飞行力学
K002,非金属矿
D022,分析测试学报
D005,分析化学
D026,分析科学学报
D004,分析试验室
D062,分析仪器
D015,分子催化
D035,分子科学学报
G556,分子诊断与治疗杂志
H845,分子植物育种
V052,粉煤灰综合利用
M105,粉末冶金工业
M039,粉末冶金技术
Q006,辐射防护
Q005,辐射研究与辐射工艺学报
H268,福建农林大学学报自然科学版
H265,福建农业学报
A078,福建师范大学学报自然科学版
G024,福建医科大学学报
A029,福州大学学报自然科学版
M003,腐蚀科学与防护技术
M505,腐蚀与防护
G068,复旦学报医学版
A001,复旦学报自然科学版
Y019,复合材料学报
B029,复杂系统与复杂性科学
G957,腹部外科
G338,腹腔镜外科杂志
A034,甘肃科学学报
H844,甘蔗糖业
G879,肝胆外科杂志
G690,肝胆胰外科杂志
G803,肝脏
H045,干旱地区农业研究
E048,干旱气象
E020,干旱区地理
E105,干旱区研究
M050,钢铁
M013,钢铁钒钛
M027,钢铁研究
M019,钢铁研究学报
D020,高等学校化学学报
B002,高等学校计算数学学报
R038,高电压技术
T001,高分子材料科学与工程
T002,高分子通报
D021,高分子学报
A080,高技术通讯
T078,高科技纤维与应用
E358,高校地质学报
T016,高校化学工程学报
B003,高校应用数学学报
R037,高压电器
C056,高压物理学报
E005,高原气象
V021,给水排水
N105,工程爆破
E360,工程地质学报
S712,工程管理学报
V030,工程勘察
V033,工程抗震与加固改造
M030,工程科学学报
C002,工程力学
C073,工程热物理学报
N590,工程设计学报
B031,工程数学学报
T003,工程塑料应用
J064,工程研究-跨学科视野中的工程
N064,工具技术
K018,工矿自动化
T563,工业催化
J057,工业工程
N110,工业工程与管理
P009,工业加热
V010,工业建筑
P005,工业炉
Z013,工业水处理
G025,工业卫生与职业病
N037,工业仪表与自动化装置
Z032,工业用水与废水
G207,公共卫生与预防医学
X579,公路
N039,功能材料
D503,功能高分子学报
E601,古地理学报
E304,古脊椎动物学报
E022,古生物学报
G478,骨科
R047,固体电子学研究与进展
Y013,固体火箭技术
C103,固体力学学报
W007,管理工程学报
W018,管理科学
W008,管理科学学报
W025,管理评论
S744,管理世界
S745,管理现代化
W016,管理学报
H226,灌溉排水学报
R026,光电工程
R082,光电子技术
C091,光谱学与光谱分析
C097,光散射学报
N015,光学技术
N033,光学精密工程
C050,光学学报
R097,光学与光电技术
C037,光子学报
R547,广东电力
H272,广东海洋大学学报
H228,广东农业科学
G027,广东药学院学报
A042,广西大学学报自然科学版
A535,广西科学
H364,广西林业科学
A062,广西师范大学学报自然科学版
G028,广西医科大学学报
G816,广西医学
F028,广西植物
G030,广州中医药大学学报
V572,规划师
T004,硅酸盐通报
T005,硅酸盐学报
M048,贵金属
A077,贵州大学学报自然科学版
H275,贵州农业科学
A527,贵州师范大学学报自然科学版
G031,贵州医科大学学报
G808,贵州医药
M033,桂林理工大学学报
A040,国防科技大学学报
G495,国际病毒学杂志
V529,国际城市规划
G936,国际儿科学杂志
G436,国际耳鼻咽喉头颈外科杂志
G497,国际放射医学核医学杂志
G659,国际妇产科学杂志
G498,国际骨科学杂志
G938,国际呼吸杂志
G362,国际检验医学杂志
G997,国际口腔医学杂志
G496,国际老年医学杂志
G930,国际流行病学传染病学杂志
G975,国际麻醉学与复苏杂志
G349,国际泌尿系统杂志
G983,国际免疫学杂志
G939,国际脑血管病杂志
G415,国际内分泌代谢杂志
G889,国际皮肤性病学杂志
G426,国际神经病学神经外科学杂志
G928,国际生物医学工程杂志
S157,国际生殖健康/计划生育杂志
B525,国际输血及血液学杂志
G954,国际外科学杂志
G660,国际消化病杂志
G940,国际心血管病杂志
Q911,国际眼科杂志
G933,国际药学研究杂志
G661,国际医学放射学杂志
G984,国际遗传学杂志
G934,国际中医中药杂志
G937,国际肿瘤学杂志
E578,国土资源科技管理
E591,国土资源遥感
R683,国外电子测量技术
H028,果树学报
T008,过程工程学报
X025,哈尔滨工程大学学报
J003,哈尔滨工业大学学报
J013,哈尔滨理工大学学报
G033,哈尔滨医科大学学报
J055,海军工程大学学报
Y029,海军航空工程学院学报
G899,海军医学杂志
A012,海南大学学报自然科学版
G416,海南医学院学报
L037,海相油气地质
E651,海洋测绘
E569,海洋地质前沿
E155,海洋地质与第四纪地质
E131,海洋工程
E312,海洋湖沼通报
Z010,海洋环境科学
E564,海洋技术学报
E145,海洋科学
E006,海洋科学进展
E311,海洋通报
E003,海洋学报
E149,海洋学研究
H284,海洋渔业
E008,海洋与湖沼
E108,海洋预报
L586,含能材料
N076,焊接
N624,焊接技术
N021,焊接学报
A191,杭州师范大学学报自然科学版
Y556,航空兵器
Y027,航空材料学报
Y017,航空动力学报
Y554,航空发动机
Y031,航空计算技术
Y012,航空精密制造技术
Y002,航空学报
Y014,航空制造技术
Y034,航天返回与遥感
Y015,航天控制
Y033,航天器工程
Y032,航天器环境工程
G034,航天医学与医学工程
T057,合成材料老化与应用
D602,合成化学
T505,合成树脂及塑料
T067,合成纤维
T065,合成纤维工业
T018,合成橡胶工业
J053,合肥工业大学学报自然科学版
A031,河北大学学报自然科学版
K032,河北工程大学学报自然科学版
J017,河北工业大学学报
J019,河北工业科技
J058,河北科技大学学报
H244,河北农业大学学报
A076,河北师范大学学报自然科学版
G035,河北医科大学学报
G641,河北医学
G898,河北医药
G384,河北中医
G301,河北中医药学报
W012,河海大学学报自然科学版
A067,河南大学学报自然科学版
U004,河南工业大学学报自然科学版
J014,河南科技大学学报自然科学版
A011,河南科学
K526,河南理工大学学报自然科学版
H011,河南农业大学学报
H356,河南农业科学
A058,河南师范大学学报自然科学版
Q004,核动力工程
Q002,核化学与放射化学
Q001,核技术
C092,核聚变与等离子体物理
Q009,核科学与工程
H042,核农学报
A084,黑龙江大学自然科学学报
K505,黑龙江科技大学学报
R535,红外技术
C035,红外与毫米波学报
R084,红外与激光工程
A039,湖北大学学报自然科学版
H203,湖北农业科学
G334,湖北中医药大学学报
E111,湖泊科学
A028,湖南大学学报自然科学版
K016,湖南科技大学学报自然科学版
H060,湖南农业大学学报自然科学版
G548,湖南师范大学学报医学版
A055,湖南师范大学自然科学学报
G041,湖南中医药大学学报
G987,护理学报
G503,护理学杂志
G654,护理研究
H665,花生学报
E141,华北地震科学
R046,华北电力大学学报
H032,华北农学报
X003,华东交通大学学报
T021,华东理工大学学报自然科学版
A054,华东师范大学学报自然科学版
E103,华南地震
G340,华南国防医学杂志
J004,华南理工大学学报自然科学版
H013,华南农业大学学报
A052,华南师范大学学报自然科学版
G525,华南预防医学
A021,华侨大学学报自然科学版
G043,华西口腔医学杂志
G044,华西药学杂志
G294,华西医学
G077,华中科技大学学报医学版
J033,华中科技大学学报自然科学版
H003,华中农业大学学报
A004,华中师范大学学报自然科学版
Z009,化工环保
T006,化工机械
T101,化工进展
T532,化工科技
T146,化工设备与管道
T007,化工学报
T009,化学反应工程与工艺
D604,化学分析计量
T025,化学工程
T567,化学工程师
T076,化学工业与工程
T501,能源化工
D506,化学进展
D011,化学试剂
D018,化学通报
D030,化学学报
D501,化学研究
D037,化学研究与应用
T931,化学与粘合
T553,化学与生物工程
Z017,环境保护科学
Z005,环境工程
Z550,环境工程技术学报
Z021,环境工程学报
D024,环境化学
Z500,环境技术
Z554,环境监测管理与技术
Z506,环境科技
Z004,环境科学
Z003,环境科学学报
Z002,环境科学研究
Z521,环境科学与管理
Z025,环境科学与技术
H049,环境昆虫学报
Z035,环境卫生工程
G971,环境卫生学杂志
Z019,环境污染与防治
Z031,环境与健康杂志
G882,环境与职业医学
G656,环球中医药
M631,黄金
Y040,火箭推进
N005,火力与指挥控制
N007,火炸药学报
X011,机车电传动
N069,机床与液压
N672,机电工程
S004,机器人
N040,机械传动
M004,机械工程材料
N051,机械工程学报
N050,机械科学与技术
N057,机械强度
N047,机械设计
N054,机械设计与研究
N028,机械设计与制造
N063,机械设计与制造工程
N053,机械与电子
N515,机械制造与自动化
G003,基础医学与临床
H245,基因组学与应用生物学
R025,激光技术
F045,激光生物学报
R514,激光与光电子学进展
R521,激光与红外
R028,激光杂志
E116,吉林大学学报地球科学版
J042,吉林大学学报工学版
A035,吉林大学学报理学版
R586,吉林大学学报信息科学版
G014,吉林大学学报医学版
H243,吉林农业大学学报
H227,吉林农业科学
G719,吉林中医药
E007,极地研究
G452,疾病监测
G439,脊柱外科杂志
N014,计量学报
S050,计算机测量与控制
S049,计算机仿真
S013,计算机辅助设计与图形学学报
S012,计算机工程
S034,计算机工程与科学
S022,计算机工程与设计
S025,计算机工程与应用
S030,计算机集成制造系统
S520,计算机技术与发展
S006,计算机科学
S085,计算机科学与探索
S509,计算机系统应用
S018,计算机学报
S021,计算机研究与发展
S029,计算机应用
S016,计算机应用研究
S009,计算机应用与软件
S048,计算机与数字工程
S500,计算机与现代化
S014,计算机与应用化学
S507,计算技术与自动化
C003,计算力学学报
B014,计算数学
C094,计算物理
A656,济南大学学报自然科学版
G292,寄生虫与医学昆虫学报
A045,暨南大学学报自然科学与医学版
H240,家畜生态学报
G638,检验医学
V051,建筑材料学报
V057,建筑钢结构进展
V523,建筑节能
V014,建筑结构
V044,建筑结构学报
V005,建筑科学
V013,建筑科学与工程学报
V047,建筑学报
Y522,舰船电子工程
Y564,舰船科学技术
G453,江苏大学学报医学版
J035,江苏大学学报自然科学版
X015,江苏科技大学学报自然科学版
H700,江苏农业科学
H199,江苏农业学报
G397,江苏中医药
H283,江西农业大学学报
H701,江西农业学报
A112,江西师范大学学报自然科学版
X002,交通科学与工程
X020,交通信息与安全
X672,交通运输工程学报
X685,交通运输系统工程与信息
L587,节能技术
W567,节水灌溉
K553,洁净煤技术
V049,结构工程师
G869,结直肠肛门外科
G316,解放军护理杂志
A121,解放军理工大学学报自然科学版
G295,解放军药学学报
G187,解放军医学院学报
G048,解放军医学杂志
G671,解放军医药杂志
G315,解放军医院管理杂志
G961,解放军预防医学杂志
G507,解剖科学进展
G049,解剖学报
G358,解剖学研究
G050,解剖学杂志
G886,介入放射学杂志
N048,金刚石与磨料磨具工程
M051,金属功能材料
K022,金属矿山
N083,金属热处理
M012,金属学报
E599,经济地理
H333,经济动物学报
S759,经济管理
S762,经济理论与经济管理
H266,经济林研究
S773,经济与管理研究
G953,精神医学杂志
T102,精细化工
T955,精细化工中间体
T542,精细石油化工
G677,颈腰痛杂志
Z553,净水技术
G553,局解手术学杂志
T512,聚氨酯工业
R016,绝缘材料
G052,军事医学
F018,菌物学报
M018,勘察科学技术
Q933,康复学报
A645,科技导报
S812,科技管理研究
R588,科技进步与对策
A083,科技通报
S816,科学管理研究
A537,科学技术与工程
A075,科学通报
W514,科学学研究
S818,科学学与科学技术管理
W531,科研管理
L516,可再生能源
E140,空间科学学报
Y051,空间控制技术与应用
J059,空军工程大学学报自然科学版
Q907,空军医学杂志
Y016,空气动力学学报
S503,控制工程
R060,控制理论与应用
S001,控制与决策
G672,口腔材料器械杂志
G246,口腔颌面外科杂志
G894,口腔颌面修复学杂志
G390,口腔疾病防治
G594,口腔生物医学
G325,口腔医学
G266,口腔医学研究
K525,矿产保护与利用
V054,矿产勘查
K025,矿产与地质
K004,矿产综合利用
E106,矿床地质
K014,矿山机械
E350,矿物学报
E354,矿物岩石
E504,矿物岩石地球化学通报
M101,矿冶
M045,矿冶工程
K554,矿业安全与环保
K010,矿业研究与开发
F015,昆虫学报
J020,昆明理工大学学报自然科学版
G053,昆明医科大学学报
G395,兰州大学学报医学版
A016,兰州大学学报自然科学版
J008,兰州理工大学学报
G628,老年医学与保健
R096,雷达科学与技术
R758,雷达学报
T010,离子交换与吸附
M001,理化检验化学分册
C101,力学季刊
C001,力学学报
C104,力学与实践
G580,立体定向和功能性神经外科杂志
U055,粮食与饲料工业
U626,粮油食品科技
C032,量子电子学报
K008,辽宁工程技术大学学报自然科学版
H261,辽宁农业科学
G850,辽宁中医药大学学报
G646,辽宁中医杂志
U037,林产工业
T017,林产化学与工业
H740,林业工程学报
H280,林业科学
H281,林业科学研究
H102,林业调查规划
T231,磷肥与复肥
G880,临床超声医学杂志
G607,临床儿科杂志
G276,临床耳鼻咽喉头颈外科杂志
G271,临床放射学杂志
Q908,临床肺科杂志
G501,临床肝胆病杂志
G291,临床骨科杂志
G664,临床和实验医学杂志
G345,临床急诊杂志
G204,临床检验杂志
G310,临床精神医学杂志
G881,临床军医杂志
G287,临床口腔医学杂志
G222,临床麻醉学杂志
G317,临床泌尿外科杂志
G257,临床内科杂志
G230,临床皮肤科杂志
G309,临床神经病学杂志
G802,临床神经外科杂志
G423,临床肾脏病杂志
G797,临床输血与检验
G256,临床外科杂志
G942,临床误诊误治
G855,临床消化病杂志
Q909,临床小儿外科杂志
G261,临床心血管病杂志
G293,临床血液学杂志
Q913,临床眼科杂志
G673,临床药物治疗杂志
G350,临床与病理杂志
G274,临床与实验病理学杂志
Q910,临床肿瘤学杂志
G491,岭南心血管病杂志
N023,流体机械
H748,麦类作物学报
T060,煤化工
K558,煤矿安全
K517,煤矿机械
K504,煤矿开采
K038,煤炭工程
K005,煤炭科学技术
K017,煤炭学报
D027,煤炭转化
K009,煤田地质与勘探
R119,密码学报
U036,棉纺织技术
H037,棉花学报
G056,免疫学杂志
B017,模糊系统与数学
N107,模具技术
S015,模式识别与人工智能
T077,膜科学与技术
N084,摩擦学学报
U533,木材工业
M655,纳米技术与精密工程
A013,南昌大学学报理科版
G047,南昌大学学报医学版
R117,南方电网技术
V089,南方建筑
H069,南方农业学报
H068,南方水产科学
G023,南方医科大学学报
A025,南京大学学报自然科学版
T011,南京工业大学学报自然科学版
Y026,南京航空航天大学学报
N011,南京理工大学学报自然科学版
H033,南京林业大学学报自然科学版
H021,南京农业大学学报
A061,南京师大学报自然科学版
E120,南京信息工程大学学报自然科学版
G058,南京医科大学学报自然科学版
R008,南京邮电大学学报自然科学版
G059,南京中医药大学学报
A008,南开大学学报自然科学版
S776,南开管理评论
W590,南水北调与水利科技
G288,脑与神经疾病杂志
G662,内科急危重症杂志
G523,内科理论与实践
E104,内陆地震
A026,内蒙古大学学报自然科学版
A111,内蒙古师范大学学报自然科学汉文版
G513,内蒙古医科大学学报
P004,内燃机学报
W002,泥沙研究
U504,酿酒科技
A506,宁波大学学报理工版
A110,宁夏大学学报自然科学版
G665,宁夏医科大学学报
H071,农产品质量与安全
H105,农学学报
T034,农药
T924,农药科学与管理
H404,农药学学报
H072,农业工程
H279,农业工程学报
Z008,农业环境科学学报
H278,农业机械学报
H286,农业生物技术学报
H222,农业现代化研究
H773,农业资源与环境学报
V032,暖通空调
H219,排灌机械工程学报
U602,皮革科学与工程
U604,皮革与化工
G759,齐鲁医学杂志
G595,器官移植
E021,气候变化研究进展
E361,气候与环境研究
E352,气象
E566,气象科技
E359,气象科学
E001,气象学报
E521,气象与环境科学
E633,气象与环境学报
X532,汽车安全与节能学报
X018,汽车工程
X500,汽车工程学报
X013,汽车技术
P001,汽轮机技术
Y009,强度与环境
X021,桥梁建设
U018,青岛大学学报工程技术版
G061,青岛大学医学院学报
T012,青岛科技大学学报自然科学版
H267,青岛农业大学学报自然科学版
U535,轻工机械
J001,清华大学学报自然科学版
D002,燃料化学学报
P011,燃烧科学与技术
E563,热带地理
E642,热带海洋学报
H516,热带农业科学
E110,热带气象学报
H415,热带生物学报
F228,热带亚热带植物学报
G609,热带医学杂志
H223,热带作物学报
T105,热固性树脂
N071,热加工工艺
C134,热科学与技术
R501,热力发电
P006,热能动力工程
T013,人工晶体学报
N106,人类工效学
F041,人类学学报
W555,人民黄河
T070,日用化学工业
H097,乳业科学与技术
S011,软件学报
N029,润滑与密封
R086,三峡大学学报自然科学版
D012,色谱
H382,森林工程
H051,森林与环境学报
E635,沙漠与绿洲气象
H070,山地农业生物学报
E101,山地学报
G742,山东大学耳鼻喉眼学报
J022,山东大学学报工学版
A020,山东大学学报理学版
G062,山东大学学报医学版
A141,山东科技大学学报自然科学版
A637,山东科学
H031,山东农业大学学报自然科学版
H804,山东农业科学
G511,山东医药
G063,山东中医药大学学报
G574,山东中医杂志
A014,山西大学学报自然科学版
H393,山西农业大学学报自然科学版
H390,山西农业科学
G064,山西医科大学学报
R072,陕西电力
U025,陕西科技大学学报
H217,陕西农业科学
A066,陕西师范大学学报自然科学版
V088,上海城市规划
A056,上海大学学报自然科学版
U528,上海纺织科技
X038,上海海事大学学报
H292,上海海洋大学学报
Y555,上海航天
G330,上海护理
X006,上海交通大学学报
H022,上海交通大学学报农业科学版
G066,上海交通大学学报医学版
M021,上海金属
G343,上海精神医学
G283,上海口腔医学
J031,上海理工大学学报
H282,上海农业学报
G069,上海医学
G596,上海针灸杂志
G946,上海中医药大学学报
G389,上海中医药杂志
A515,深圳大学学报理工版
G329,神经疾病与精神卫生
G070,神经解剖学杂志
G319,神经损伤与功能重建
J052,沈阳工业大学学报
V011,沈阳建筑大学学报自然科学版
H024,沈阳农业大学学报
A586,沈阳师范大学学报自然科学版
G071,沈阳药科大学学报
G202,肾脏病与透析肾移植杂志
F203,生理科学进展
F001,生理学报
F042,生命的化学
F215,生命科学
F046,生命科学研究
N759,生命科学仪器
Z034,生态毒理学报
H784,生态环境学报
Z512,生态科学
Z014,生态学报
Z028,生态学杂志
Z023,生态与农村环境学报
H080,生物安全学报
F049,生物多样性
F003,生物工程学报
G401,生物骨科材料与临床研究
F016,生物化学与生物物理进展
F229,生物技术
F214,生物技术进展
F205,生物技术通报
F224,生物技术通讯
F204,生物加工过程
F213,生物学杂志
G006,生物医学工程学杂志
G332,生物医学工程研究
G603,生物医学工程与临床
F044,生物资源
G624,生殖医学杂志
C033,声学技术
C054,声学学报
E302,湿地科学
E636,湿地科学与管理
A615,石河子大学学报自然科学版
T933,石化技术与应用
X042,石家庄铁道大学学报自然科学版
L016,石油地球物理勘探
L015,石油化工
L034,石油化工高等学校学报
L021,石油化工设备技术
L019,石油机械
L031,石油勘探与开发
L030,石油炼制与化工
E126,石油实验地质
L005,石油物探
L028,石油学报
L012,石油学报石油加工
L006,石油与天然气地质
L008,石油钻采工艺
L025,石油钻探技术
U049,食品安全质量检测学报
F257,实验动物科学
G387,实验动物与比较医学
C009,实验力学
Y018,实验流体力学
G512,实用癌症杂志
G534,实用放射学杂志
G586,实用妇产科杂志
G746,实用肝脏病杂志
G457,实用骨科杂志
G224,实用口腔医学杂志
G700,实用老年医学
G652,实用皮肤病学杂志
G469,实用器官移植电子杂志
G766,实用心脑肺血管病杂志
G834,实用药物与临床
G324,实用医学杂志
G760,实用医院临床杂志
G768,实用预防医学
G856,实用肿瘤学杂志
G890,实用肿瘤杂志
U005,食品工业科技
U006,食品科学
A117,食品科学技术学报
U617,食品研究与开发
U035,食品与发酵工业
U641,食品与发酵科技
U547,食品与机械
U029,食品与生物技术学报
G748,食品与药品
H838,食用菌学报
E363,世界地震工程
E548,世界地质
G906,世界科学技术-中医药现代化
G485,世界临床药物
G484,世界中西医结合杂志
G483,世界中医药
A023,首都师范大学学报自然科学版
G073,首都医科大学学报
F033,兽类学报
R005,数据采集与处理
W009,数理统计与管理
B015,数学的实践与认识
B007,数学进展
B004,数学年刊A
C036,数学物理学报
B006,数学学报
B012,数学杂志
H008,水产学报
Z016,水处理技术
X533,水道港口
P007,水电能源科学
W004,水动力学研究与进展A
W013,水科学进展
R050,水力发电
R049,水力发电学报
R587,水利经济
W011,水利水电技术
W502,水利水电科技进展
W006,水利水运工程学报
W003,水利学报
F010,水生生物学报
H850,水生态学杂志
H015,水土保持通报
H287,水土保持学报
H056,水土保持研究
E540,水文
E154,水文地质工程地质
X528,水运工程
R566,水资源保护
W570,水资源与水工程学报
U056,丝绸
J051,四川大学学报工程科学版
G045,四川大学学报医学版
A006,四川大学学报自然科学版
F027,四川动物
Z007,四川环境
A033,四川师范大学学报自然科学版
G575,四川医学
G745,四川中医
H862,饲料工业
H864,饲料研究
T106,塑料
T014,塑料工业
T536,塑料科技
T079,塑料助剂
T580,塑性工程学报
X634,隧道建设
R652,太赫兹科学与电子信息学报
L009,太阳能学报
J011,太原理工大学学报
M544,钛工业进展
T500,弹性体
T015,炭素技术
N043,探测与控制学报
V531,陶瓷学报
H041,特产研究
L505,特种油气藏
N065,特种铸造及有色合金
A041,天津大学学报
U017,天津工业大学学报
U031,天津科技大学学报
A504,天津师范大学学报自然科学版
G076,天津医药
G626,天津中医药
G914,天津中医药大学学报
T611,天然产物研究与开发
L518,天然气地球科学
L029,天然气工业
T074,天然气化工
L507,天然气与石油
E023,天文学报
E114,天文学进展
X521,铁道工程学报
X007,铁道科学与工程学报
X005,铁道学报
G238,听力学及言语疾病杂志
R065,通信学报
G965,同济大学学报医学版
J032,同济大学学报自然科学版
Q003,同位素
N061,图学学报
T103,涂料工业
V029,土木工程学报
V035,土木工程与管理学报
V019,土木建筑与环境工程
H043,土壤
H057,土壤通报
H012,土壤学报
H048,土壤与作物
Y025,推进技术
S795,外国经济与管理
G601,外科理论与实践
G996,皖南医学院学报
S017,网络新媒体技术
R070,微波学报
G866,微创泌尿外科杂志
R057,微电机
R064,微电子学
R004,微电子学与计算机
R098,微纳电子技术
F004,微生物学报
F206,微生物学免疫学进展
F011,微生物学通报
F225,微生物学杂志
G651,微生物与感染
R085,微特电机
E052,微体古生物学报
S033,微型电脑应用
G210,微循环学杂志
S813,卫生软科学
G079,卫生研究
G800,胃肠病学
G326,胃肠病学和肝病学杂志
G702,温州医科大学学报
D003,无机材料学报
D023,无机化学学报
T072,无机盐工业
N044,无损检测
W014,武汉大学学报工学版
A024,武汉大学学报理学版
E107,武汉大学学报信息科学版
G038,武汉大学学报医学版
M032,武汉科技大学学报自然科学版
X017,武汉理工大学学报交通科学与工程版
J018,武汉理工大学学报信息与管理工程版
G771,武警后勤学院学报医学版
G707,武警医学
D001,物理化学学报
C006,物理学报
C509,物理与工程
E136,物探化探计算技术
E138,物探与化探
R009,西安电子科技大学学报自然科学版
J036,西安工业大学学报
V018,西安建筑科技大学学报自然科学版
X030,西安交通大学学报
G081,西安交通大学学报医学版
A150,西安科技大学学报
J002,西安理工大学学报
L010,西安石油大学学报自然科学版
R671,西安邮电大学学报
A032,西北大学学报自然科学版
E125,西北地质
Y023,西北工业大学学报
H224,西北林学院学报
H018,西北农林科技大学学报自然科学版
H288,西北农业学报
A022,西北师范大学学报自然科学版
G792,西北药学杂志
F020,西北植物学报
H385,西部林业科学
G588,西部医学
G699,西部中医药
J045,西华大学学报自然科学版
H004,西南大学学报自然科学版
G312,西南国防医药
X032,西南交通大学学报
H270,西南林业大学学报
A060,西南民族大学学报自然科学版
H061,西南农业学报
A064,西南师范大学学报自然科学版
L002,西南石油大学学报自然科学版
M041,稀土
M029,稀有金属
M052,稀有金属材料与工程
S505,系统仿真技术
S003,系统仿真学报
B028,系统工程
B025,系统工程理论与实践
B018,系统工程学报
R059,系统工程与电子技术
B027,系统管理学报
B021,系统科学与数学
G188,细胞与分子免疫学杂志
A063,厦门大学学报自然科学版
V087,现代城市研究
E027,现代地质
R089,现代电力
R748,现代电子技术
Y561,现代防御技术
U634,现代纺织技术
G300,现代妇产科进展
T063,现代化工
N100,现代科学仪器
G321,现代口腔医学杂志
R087,现代雷达
G438,现代临床护理
G798,现代泌尿生殖肿瘤杂志
G341,现代泌尿外科杂志
G067,现代免疫学
H417,现代农药
F250,现代生物医学进展
U010,现代食品科技
T929,现代塑料加工应用
X673,现代隧道技术
G451,现代消化及介入诊疗
G421,现代药物与临床
G223,现代医学
N115,现代仪器与医疗
G963,现代预防医学
N111,现代制造工程
G951,现代中西医结合杂志
G486,现代中药研究与实践
G896,现代中医临床
G826,现代肿瘤医学
T073,香料香精化妆品
A018,湘潭大学自然科学学报
T064,橡胶工业
T953,消防科学与技术
P010,小型内燃机与车辆技术
S027,小型微型计算机系统
G817,协和医学杂志
G083,心肺血管病杂志
S918,心理科学
S919,心理科学进展
E046,心理学报
G476,心脑血管病防治
G419,心血管病学进展
G578,心血管康复医学杂志
G260,心脏杂志
E159,新疆地质
H908,新疆农业大学学报
H276,新疆农业科学
L007,新疆石油地质
G980,新疆医科大学学报
G328,新乡医学院学报
V056,新型建筑材料
M102,新型炭材料
G721,新医学
R034,信号处理
R519,信息技术
S046,信息网络安全
S002,信息与控制
A510,信阳师范学院学报自然科学版
J061,徐州工程学院学报自然科学版
G565,徐州医学院学报
H023,畜牧兽医学报
H218,畜牧与兽医
G627,循证医学
R069,压电与声光
N052,压力容器
G189,牙体牙髓牙周病学杂志
E047,亚热带资源与环境学报
U562,烟草科技
E053,岩矿测试
E157,岩石矿物学杂志
C005,岩石力学与工程学报
E309,岩石学报
V574,岩土工程技术
V037,岩土工程学报
C004,岩土力学
E163,岩性油气藏
S821,研究与发展管理
E500,盐湖研究
T054,盐业与化工
G962,眼科
G554,眼科新进展
J025,燕山大学学报
H016,扬州大学学报农业与生命科学版
A514,扬州大学学报自然科学版
S031,遥测遥控
Z543,遥感技术与应用
S024,遥感信息
Z006,遥感学报
G403,药物不良反应杂志
G087,药物分析杂志
G877,药物流行病学杂志
G836,药物评价研究
G514,药物生物技术
G977,药学服务与研究
G440,药学实践杂志
G008,药学学报
G527,药学与临床研究
M023,冶金分析
M047,冶金能源
C503,液晶与显示
N079,液压气动与密封
N035,液压与气动
G605,医疗卫生装备
G482,医学动物防制
G333,医学分子生物学杂志
G545,医学临床研究
G281,医学研究生学报
G480,医学研究杂志
G265,医学影像学杂志
G964,医学与社会
G860,医学综述
G844,医药导报
G088,医用生物力学
N074,仪表技术与传感器
N066,仪器仪表学报
F024,遗传
G455,疑难病杂志
T104,印染助剂
G089,营养学报
D014,影像科学与光化学
G649,影像诊断与介入放射学
B008,应用概率统计
C109,应用光学
E123,应用海洋学学报
T949,应用化工
D016,应用化学
A580,应用基础与工程科学学报
R033,应用激光
X693,应用科技
A015,应用科学学报
F035,应用昆虫学报
C008,应用力学学报
E122,应用气象学报
Z018,应用生态学报
C052,应用声学
B011,应用数学
B020,应用数学和力学
B001,应用数学学报
F100,应用与环境生物学报
M014,硬质合金
L027,油气储运
L504,油气地质与采收率
L033,油田化学
K020,铀矿冶
T916,有机硅材料
D025,有机化学
M036,有色金属工程
M504,有色金属科学与工程
K013,有色金属矿山部分
K580,有色金属选矿部分
M020,有色金属冶炼部分
N907,鱼雷技术
H998,渔业科学进展
H220,渔业现代化
Y020,宇航材料工艺
Y008,宇航计测技术
Y024,宇航学报
H909,玉米科学
G479,预防医学
G518,预防医学情报杂志
H039,园艺学报
C108,原子核物理评论
Q008,原子能科学技术
A038,云南大学学报自然科学版
A654,云南民族大学学报自然科学版
H269,云南农业大学学报
A053,云南师范大学学报自然科学版
G090,云南中医学院学报
B013,运筹学学报
B522,运筹与管理
H989,杂草学报
H293,杂交水稻
E148,灾害学
Y057,载人航天
U643,造纸科学与技术
C100,噪声与振动控制
M043,轧钢
T569,粘接
Y521,战术导弹技术
R081,照明工程学报
A017,浙江大学学报工学版
A002,浙江大学学报理学版
H035,浙江大学学报农业与生命科学版
G091,浙江大学学报医学版
J016,浙江工业大学学报
H019,浙江农林大学学报
H201,浙江农业学报
G810,浙江医学
G092,浙江中医药大学学报
G093,针刺研究
G488,针灸临床杂志
N086,真空
C038,真空与低温
G259,诊断病理学杂志
G615,诊断学理论与实践
Y010,振动测试与诊断
Y004,振动工程学报
N030,振动与冲击
E316,震灾防御技术
J012,郑州大学学报工学版
A019,郑州大学学报理学版
G036,郑州大学学报医学版
G884,职业与健康
H577,植物保护
H014,植物保护学报
H052,植物病理学报
H584,植物检疫
F008,植物科学学报
F038,植物生理学报
F009,植物生态学报
F023,植物学报
F050,植物研究
H238,植物遗传资源学报
H890,植物营养与肥料学报
Z551,植物资源与环境学报
N091,指挥控制与仿真
U011,制冷学报
U640,制冷与空调(四川)
N046,制造技术与机床
S023,制造业自动化
C034,质谱学报
S052,智能系统学报
G007,中草药
G520,中成药
G538,中国癌症杂志
G985,中国艾滋病性病
G129,中国安全科学学报
Z552,中国安全生产科学技术
F048,中国比较医学杂志
N103,中国表面工程
G750,中国病案
G769,中国病毒病杂志
G096,中国病理生理杂志
G339,中国病原生物学杂志
M053,中国材料进展
H213,中国草地学报
N830,中国测试
G097,中国超声医学杂志
G529,中国卒中杂志
G901,中国当代儿科杂志
H939,中国稻米
G099,中国地方病防治杂志
E654,中国地质
E604,中国地质灾害与防治学报
R040,中国电机工程学报
R511,中国电力
G234,中国动脉硬化杂志
H891,中国动物传染病学报
G825,中国儿童保健杂志
G270,中国耳鼻咽喉颅底外科杂志
G543,中国耳鼻咽喉头颈外科
G100,中国法医学杂志
G290,中国防痨杂志
V023,中国非金属矿工业导刊
G320,中国肺癌杂志
G402,中国分子心脏病学杂志
V568,中国粉体技术
G587,中国辐射卫生
M007,中国腐蚀与防护学报
G456,中国妇产科临床杂志
G680,中国妇幼保健
G475,中国肝脏病杂志电子版
G631,中国感染控制杂志
G337,中国感染与化疗杂志
X035,中国港湾建设
V036,中国给水排水
N089,中国工程机械学报
N754,中国工程科学
G244,中国工业医学杂志
G102,中国公共卫生
X031,中国公路学报
G103,中国骨伤
G249,中国骨与关节损伤杂志
G648,中华骨与关节外科杂志
G857,中国骨与关节杂志
G663,中国骨质疏松杂志
W021,中国管理科学
N104,中国惯性技术学报
C099,中国光学
G637,中国国境卫生检疫杂志
H215,中国果树
L013,中国海上油气
E313,中国海洋大学学报自然科学版
L026,中国海洋平台
G104,中国海洋药物
X039,中国航海
G973,中国呼吸与危重监护杂志
G417,中国护理管理
Z030,中国环境监测
Z001,中国环境科学
N059,中国机械工程
A079,中国基础科学
R066,中国激光
R013,中国激光医学杂志
G852,中国急救复苏与灾害医学杂志
G241,中国急救医学
G192,中国脊柱脊髓杂志
G105,中国寄生虫学与寄生虫病杂志
G560,中国计划生育和妇产科
G907,中国计划生育学杂志
G787,中国健康教育
G784,中国健康心理学杂志
N108,中国舰船研究
T075,中国胶粘剂
G233,中国矫形外科杂志
G239,中国介入心脏病学杂志
G206,中国介入影像与治疗学
G323,中国康复
G400,中国康复理论与实践
G106,中国康复医学杂志
G107,中国抗生素杂志
A098,中国科技论坛
A108,中国科学 地球科学
A106,中国科学 化学
A109,中国科学 技术科学
A107,中国科学 生命科学
A105,中国科学 数学
A103,中国科学 物理学力学天文学
Z317,中国科学 信息科学
A081,中国科学基金
A007,中国科学技术大学学报
A102,中国科学院大学学报
A636,中国科学院院刊
Y003,中国空间科学技术
G441,中国口腔颌面外科杂志
K030,中国矿业
K015,中国矿业大学学报
U001,中国粮油学报
G447,中国临床保健杂志
G108,中国临床解剖学杂志
G536,中国临床神经科学
G794,中国临床神经外科杂志
G221,中国临床心理学杂志
G754,中国临床研究
G870,中国临床药理学与治疗学
G109,中国临床药理学杂志
G544,中国临床药学杂志
G814,中国临床医生杂志
G974,中国临床医学
G304,中国临床医学影像杂志
G110,中国麻风皮肤病杂志
H212,中国麻业科学
G613,中国慢性病预防与控制
G598,中国媒介生物学及控制杂志
K037,中国煤炭地质
G582,中国煤炭工业医学杂志
G428,中国美容医学
G297,中国美容整形外科杂志
K036,中国锰业
H211,中国棉花
G111,中国免疫学杂志
Y028,中国民航大学学报
K550,中国钼业
G303,中国男科学杂志
H273,中国南方果树
G422,中国脑血管病杂志
G277,中国内镜杂志
R524,中国能源
U609,中国酿造
W005,中国农村水利水电
H958,中国农学通报
H027,中国农业大学学报
H567,中国农业科技导报
H030,中国农业科学
H210,中国农业气象
H221,中国农业资源与区划
G311,中国皮肤性病学杂志
U020,中国皮革
G226,中国普通外科杂志
G269,中国普外基础与临床杂志
G776,中国全科医学
H081,中国热带农业
G629,中国热带医学
Z546,中国人口资源与环境
G112,中国人兽共患病学报
U052,中国乳品工业
S825,中国软科学
E124,中国沙漠
G366,中国社会医学杂志
G114,中国神经精神疾病杂志
G242,中国神经免疫学和神经病学杂志
H555,中国生态农业学报
H044,中国生物防治学报
F255,中国生物工程杂志
F002,中国生物化学与分子生物学报
G115,中国生物医学工程学报
G258,中国生物制品学杂志
G715,中国生育健康杂志
L001,中国石油大学学报自然科学版
L532,中国石油勘探
F047,中国实验动物学报
G604,中国实验方剂学杂志
G883,中国实验血液学杂志
G853,中国实验诊断学
G273,中国实用儿科杂志
G228,中国实用妇科与产科杂志
G305,中国实用护理杂志
G867,中国实用口腔科杂志
G267,中国实用内科杂志
G272,中国实用外科杂志
G872,中国实用眼科杂志
U635,中国食品添加剂
G429,中国食品卫生杂志
U007,中国食品学报
U563,中国食物与营养
H317,中国兽药杂志
H326,中国兽医科学
H225,中国兽医学报
H207,中国蔬菜
G796,中国输血杂志
G926,中国数字医学
H290,中国水产科学
H020,中国水稻科学
W557,中国水利水电科学研究院学报
H295,中国水土保持科学
T022,中国塑料
G211,中国糖尿病杂志
G521,中国疼痛医学杂志
G561,中国体视学与图像分析
G444,中国体外循环杂志
G101,中国天然药物
U501,中国调味品
X004,中国铁道科学
G437,中国听力语言康复科学杂志
R083,中国图象图形学报
H350,中国土地科学
H233,中国土壤与肥料
G373,中国微创外科杂志
G959,中国微侵袭神经外科杂志
G517,中国微生态学杂志
S725,中国卫生经济
G253,中国卫生统计
G540,中国卫生信息管理杂志
G716,中国卫生政策研究
G752,中国卫生质量管理
G541,中国卫生资源
K035,中国钨业
M022,中国稀土学报
F025,中国细胞生物学学报
G841,中国现代普通外科进展
G623,中国现代神经疾病杂志
G885,中国现代手术学杂志
G237,中国现代医学杂志
G849,中国现代应用药学
G377,中国现代中药
G284,中国消毒学杂志
G765,中国小儿急救医学
G845,中国小儿血液与肿瘤杂志
G298,中国斜视与小儿眼科杂志
G117,中国心理卫生杂志
G718,中国心血管病研究
G380,中国心血管杂志
G203,中国心脏起搏与心电生理杂志
G082,中国新生儿科杂志
G250,中国新药与临床杂志
G747,中国新药杂志
G727,中国性科学
G232,中国胸心血管外科临床杂志
G118,中国修复重建外科杂志
H294,中国畜牧兽医
H242,中国畜牧杂志
G908,中国学校卫生
G464,中国血管外科杂志电子版
G675,中国血吸虫病防治杂志
G633,中国血液净化
G119,中国循环杂志
G756,中国循证儿科杂志
G645,中国循证心血管医学杂志
G396,中国循证医学杂志
H208,中国烟草科学
U647,中国烟草学报
E303,中国岩溶
G619,中国眼耳鼻喉科杂志
G318,中国药房
G120,中国药科大学学报
G121,中国药理学通报
G122,中国药理学与毒理学杂志
G878,中国药师
G913,中国药事
G220,中国药物化学杂志
G227,中国药物警戒
G248,中国药物依赖性杂志
G713,中国药物应用与监测
G009,中国药学杂志
G755,中国药业
M628,中国冶金
G809,中国医刊
G123,中国医科大学学报
G124,中国医疗器械杂志
G679,中国医疗设备
G306,中国医师进修杂志
G313,中国医师杂志
G236,中国医学计算机成像杂志
G125,中国医学科学院学报
G471,中国医学前沿杂志电子版
G622,中国医学物理学杂志
G127,中国医学影像技术
G193,中国医学影像学杂志
S591,中国医学装备
G519,中国医药
G644,中国医药导报
T019,中国医药工业杂志
G531,中国医药生物技术
Q918,中国医院
G454,中国医院管理
G243,中国医院药学杂志
G314,中国疫苗和免疫
G130,中国应用生理学杂志
G706,中国优生与遗传杂志
H205,中国油料作物学报
U032,中国油脂
M028,中国有色金属学报
H099,中国预防兽医学报
G753,中国预防医学杂志
V039,中国园林
X012,中国造船
U033,中国造纸学报
H204,中国沼气
G600,中国针灸
H067,中国真菌学杂志
G945,中国职业医学
G347,中国中西医结合耳鼻咽喉科杂志
G843,中国中西医结合急救杂志
G757,中国中西医结合皮肤性病学杂志
G846,中国中西医结合肾病杂志
G758,中国中西医结合外科杂志
G528,中国中西医结合消化杂志
G182,中国中西医结合杂志
G132,中国中药杂志
G240,中国中医骨伤科杂志
G632,中国中医基础医学杂志
G524,中国中医急症
G749,中国中医眼科杂志
G832,中国中医药信息杂志
G642,中国肿瘤
G133,中国肿瘤临床
G255,中国肿瘤生物治疗杂志
G667,中国综合临床
G299,中国组织工程研究
G134,中国组织化学与细胞化学杂志
G502,中华保健医学杂志
G135,中华病理学杂志
G195,中华超声影像学杂志
G136,中华传染病杂志
G408,中华创伤骨科杂志
G137,中华创伤杂志
G098,中华地方病学杂志
G138,中华儿科杂志
G139,中华耳鼻咽喉头颈外科杂志
G743,中华耳科学杂志
G140,中华放射学杂志
G141,中华放射医学与防护杂志
G251,中华放射肿瘤学杂志
G474,中华肺部疾病杂志电子版
G286,中华风湿病学杂志
G142,中华妇产科杂志
G689,中华妇幼临床医学杂志电子版
G262,中华肝胆外科杂志
G231,中华肝脏病杂志
G054,中华肝脏外科手术学电子杂志
G235,中华高血压杂志
G143,中华骨科杂志
G728,中华骨质疏松和骨矿盐疾病杂志
G691,中华关节外科杂志电子版
G335,中华航海医学与高气压医学杂志
G144,中华航空航天医学杂志
G145,中华核医学与分子影像杂志
G146,中华护理杂志
G555,中华急诊医学杂志
G302,中华疾病控制杂志
G055,中华肩肘外科电子杂志
G174,中华检验医学杂志
G751,中华健康管理学杂志
G147,中华结核和呼吸杂志
G060,中华结直肠疾病电子杂志
Q905,中华解剖与临床杂志
G159,中华精神科杂志
G579,中华口腔医学研究杂志电子版
G148,中华口腔医学杂志
G280,中华口腔正畸学杂志
G149,中华劳动卫生职业病杂志
G639,中华老年多器官疾病杂志
G833,中华老年口腔医学杂志
G876,中华老年心脑血管病杂志
G150,中华老年医学杂志
G692,中华临床感染病杂志
G693,中华临床免疫和变态反应杂志
G824,中华临床营养杂志
G152,中华流行病学杂志
G153,中华麻醉学杂志
G154,中华泌尿外科杂志
G282,中华男科学杂志
G155,中华内分泌代谢杂志
G736,中华内分泌外科杂志
G156,中华内科杂志
G157,中华皮肤科杂志
G461,中华普通外科学文献电子版
G254,中华普通外科杂志
G462,中华普外科手术学杂志电子版
G158,中华器官移植杂志
G473,中华腔镜泌尿外科杂志电子版
G463,中华腔镜外科杂志电子版
G526,中华全科医师杂志
G515,中华全科医学
G505,中华乳腺病杂志电子版
G900,中华烧伤杂志
G197,中华神经科杂志
G976,中华神经外科疾病研究杂志
G160,中华神经外科杂志
G446,中华神经医学杂志
G065,中华肾病研究电子杂志
G161,中华肾脏病杂志
G737,中华生物医学工程杂志
G072,中华生殖与避孕杂志
G162,中华实验和临床病毒学杂志
G703,中华实验和临床感染病杂志电子版
G163,中华实验外科杂志
G773,中华实验眼科杂志
G875,中华实用儿科临床杂志
G367,中华实用诊断与治疗杂志
G848,中华手外科杂志
G506,中华损伤与修复杂志电子版
G739,中华糖尿病杂志
G164,中华外科杂志
G165,中华微生物学和免疫学杂志
G116,中华危重病急救医学
G761,中华危重症医学杂志电子版
G296,中华围产医学杂志
G740,中华卫生杀虫药械
G793,中华胃肠外科杂志
G166,中华物理医学与康复杂志
G470,中华细胞与干细胞杂志电子版
G167,中华显微外科杂志
G847,中华现代护理杂志
G285,中华消化内镜杂志
G978,中华消化外科杂志
G168,中华消化杂志
G169,中华小儿外科杂志
G892,中华心律失常学杂志
G170,中华心血管病杂志
G263,中华行为医学与脑科学杂志
G171,中华胸心血管外科杂志
G172,中华血液学杂志
G191,中华眼底病杂志
G173,中华眼科杂志
G873,中华眼视光学与视觉科学杂志
S590,中华医学教育探索杂志
Q920,中华医学超声杂志电子版
G705,中华医学教育杂志
G307,中华医学科研管理杂志
G489,中华医学美学美容杂志
G915,中华医学图书情报杂志
G175,中华医学遗传学杂志
G176,中华医学杂志
G591,中华医院管理杂志
G610,中华胰腺病杂志
G897,中华移植杂志电子版
G177,中华预防医学杂志
G178,中华整形外科杂志
G859,中华中医药学刊
G910,中华中医药杂志
G858,中华肿瘤防治杂志
G179,中华肿瘤杂志
G472,中华疝和腹壁外科杂志电子版
G039,中南大学学报医学版
K001,中南大学学报自然科学版
H053,中南林业科技大学学报
A550,中南民族大学学报自然科学版
G599,中南药学
G682,中南医学科学杂志
G180,中日友好医院学报
G181,中山大学学报医学科学版
A036,中山大学学报自然科学版
X539,中外公路
S020,中文信息学报
G842,中西医结合肝病杂志
G597,中西医结合心脑血管病杂志
R775,中兴通讯技术
G183,中药材
G564,中药新药与临床药理
G685,中医学报
G681,中医药导报
G010,中医杂志
G184,肿瘤
Q929,肿瘤代谢与营养电子杂志
G185,肿瘤防治研究
G412,肿瘤学杂志
G522,肿瘤研究与临床
G196,肿瘤药学
G838,肿瘤影像学
G695,肿瘤预防与治疗
H103,种子
G094,中风与神经疾病杂志
N022,轴承
H026,竹子学报
N075,铸造
N081,铸造技术
G407,转化医学杂志
N034,装备环境工程
A133,装备学院学报
N990,装甲兵工程学院学报
Z022,资源科学
R737,自动化技术与应用
S026,自动化学报
N013,自动化仪表
S501,自动化与仪表
R611,自动化与仪器仪表
A905,自然杂志
E137,自然灾害学报
Z012,自然资源学报
G229,卒中与神经疾病
N088,组合机床与自动化加工技术
G701,组织工程与重建外科杂志
L018,钻井液与完井液
G720,遵义医学院学报
H034,作物学报
H410,作物研究
H202,作物杂志
